bilibili_approval,douyin_approval,difference,difference_pct,conclusion
0.4361560045902873,0.5772387806413525,-0.14108277605106517,-24.44097326487877,抖音用户认可度显著更高
